Movie	Release date	DBpedia_URI	Label	id	rating
4 Months, 3 Weeks and 2 Days	1/23/2008 0:00	http://dbpedia.org/resource/4_Months,_3_Weeks_and_2_Days	good	1601	97
Ratatouille	6/29/2007 0:00	http://dbpedia.org/resource/Ratatouille_(film)	good	1602	96
Killer of Sheep	3/30/2007 0:00	http://dbpedia.org/resource/Killer_of_Sheep	good	1603	94
Sideways	10/22/2004 0:00	http://dbpedia.org/resource/Sideways	good	1604	94
Sita Sings the Blues	12/25/2009 0:00	http://dbpedia.org/resource/Sita_Sings_the_Blues	good	1605	94
The Hurt Locker	6/26/2009 0:00	http://dbpedia.org/resource/The_Hurt_Locker	good	1606	94
Close Encounters of the Third Kind	11/16/1977 0:00	http://dbpedia.org/resource/Close_Encounters_of_the_Third_Kind	good	1607	91
Star Wars: Episode IV - A New Hope	5/25/1977 0:00	http://dbpedia.org/resource/Star_Wars_(film)	good	1608	91
Moolaadé	10/15/2004 0:00	http://dbpedia.org/resource/Moolaad%C3%A9	good	1609	91
A Prophet	2/26/2010 0:00	http://dbpedia.org/resource/A_Prophet	good	1610	90
Before Sunset	7/2/2004 0:00	http://dbpedia.org/resource/Before_Sunset	good	1611	90
Capturing the Friedmans	5/30/2003 0:00	http://dbpedia.org/resource/Capturing_the_Friedmans	good	1612	90
Finding Nemo	5/30/2003 0:00	http://dbpedia.org/resource/Finding_Nemo	good	1613	90
Hannah and Her Sisters	2/1/1986 0:00	http://dbpedia.org/resource/Hannah_and_Her_Sisters	good	1614	90
Raiders of the Lost Ark	6/12/1981 0:00	http://dbpedia.org/resource/Raiders_of_the_Lost_Ark	good	1615	90
Goodbye Solo	3/27/2009 0:00	http://dbpedia.org/resource/Goodbye_Solo	good	1616	89
Letters from Iwo Jima	12/20/2006 0:00	http://dbpedia.org/resource/Letters_from_Iwo_Jima	good	1617	89
Chicken Run	6/21/2000 0:00	http://dbpedia.org/resource/Chicken_Run	good	1618	88
Toy Story 2	11/24/1999 0:00	http://dbpedia.org/resource/Toy_Story_2	good	1619	88
All About My Mother	11/19/1999 0:00	http://dbpedia.org/resource/All_About_My_Mother	good	1620	87
Children of Hiroshima	4/22/2011 0:00	http://dbpedia.org/resource/Children_of_Hiroshima	good	1621	86
Slumdog Millionaire	11/12/2008 0:00	http://dbpedia.org/resource/Slumdog_Millionaire	good	1622	86
Talk to Her	11/22/2002 0:00	http://dbpedia.org/resource/Talk_to_Her	good	1623	86
The Player	4/3/1992 0:00	http://dbpedia.org/resource/The_Player_(film)	good	1624	86
This Is England	7/27/2007 0:00	http://dbpedia.org/resource/This_Is_England	good	1625	86
Ordinary People	9/18/1980 0:00	http://dbpedia.org/resource/Ordinary_People	good	1626	85
Paradise Lost 3: Purgatory	1/12/2012 0:00	http://dbpedia.org/resource/Paradise_Lost_3:_Purgatory	good	1627	85
Iraq in Fragments	11/10/2006 0:00	http://dbpedia.org/resource/Iraq_in_Fragments	good	1628	84
That Obscure Object of Desire	7/13/2001 0:00	http://dbpedia.org/resource/That_Obscure_Object_of_Desire	good	1629	84
The Descendants	11/16/2011 0:00	http://dbpedia.org/resource/The_Descendants	good	1630	84
The Magdalene Sisters	8/1/2003 0:00	http://dbpedia.org/resource/The_Magdalene_Sisters	good	1631	83
Incendies	4/22/2011 0:00	http://dbpedia.org/resource/Incendies	good	1632	82
My Summer of Love	6/17/2005 0:00	http://dbpedia.org/resource/My_Summer_of_Love	good	1633	82
Rachel Getting Married	10/3/2008 0:00	http://dbpedia.org/resource/Rachel_Getting_Married	good	1634	82
Tell No One	7/2/2008 0:00	http://dbpedia.org/resource/Tell_No_One	good	1635	82
The Agronomist	4/23/2004 0:00	http://dbpedia.org/resource/The_Agronomist	good	1636	82
The Filth and the Fury	4/7/2000 0:00	http://dbpedia.org/resource/The_Filth_and_the_Fury	good	1637	82
Unforgiven	8/7/1992 0:00	http://dbpedia.org/resource/Unforgiven	good	1638	82
A History of Violence	9/23/2005 0:00	http://dbpedia.org/resource/A_History_of_Violence	good	1639	81
Bad Education	11/19/2004 0:00	http://dbpedia.org/resource/Bad_Education_(film)_(film)	good	1640	#N/A
Blood Simple.	7/7/2000 0:00	http://dbpedia.org/resource/Blood_Simple	good	1641	81
Room 237	3/29/2013 0:00	http://dbpedia.org/resource/Room_237	good	1642	80
The Simpsons Movie	7/27/2007 0:00	http://dbpedia.org/resource/The_Simpsons_Movie	good	1643	80
Wild Reeds	5/10/1995 0:00	http://dbpedia.org/resource/Wild_Reeds	good	1644	80
So Much So Fast	10/11/2006 0:00	http://dbpedia.org/resource/So_Much_So_Fast	good	1645	79
Terms of Endearment	11/23/1983 0:00	http://dbpedia.org/resource/Terms_of_Endearment	good	1646	79
The Fighter	12/10/2010 0:00	http://dbpedia.org/resource/The_Fighter	good	1647	79
The Five Obstructions	5/26/2004 0:00	http://dbpedia.org/resource/The_Five_Obstructions	good	1648	79
Wings of Desire	5/6/1988 0:00	http://dbpedia.org/resource/Wings_of_Desire	good	1649	79
Diamond Men	9/28/2001 0:00	http://dbpedia.org/resource/Diamond_Men	good	1650	78
Full Metal Jacket	6/26/1987 0:00	http://dbpedia.org/resource/Full_Metal_Jacket	good	1651	78
Human Resources	9/15/2000 0:00	http://dbpedia.org/resource/Human_Resources_(film)	good	1652	78
Into Great Silence	2/28/2007 0:00	http://dbpedia.org/resource/Into_Great_Silence	good	1653	78
Please Give	4/30/2010 0:00	http://dbpedia.org/resource/Please_Give	good	1654	78
Putty Hill	2/18/2011 0:00	http://dbpedia.org/resource/Putty_Hill	good	1655	78
The Real Dirt on Farmer John	1/20/2006 0:00	http://dbpedia.org/resource/The_Real_Dirt_on_Farmer_John	good	1656	78
Thief	3/27/1981 0:00	http://dbpedia.org/resource/Thief_(film)	good	1657	78
Caesar Must Die	2/6/2013 0:00	http://dbpedia.org/resource/Caesar_Must_Die	good	1658	77
China Heavyweight	7/6/2012 0:00	http://dbpedia.org/resource/China_Heavyweight	good	1659	77
Daughter from Danang	11/1/2002 0:00	http://dbpedia.org/resource/Daughter_from_Danang	good	1660	77
Happy Feet	11/17/2006 0:00	http://dbpedia.org/resource/Happy_Feet	good	1661	77
Jiro Dreams of Sushi	3/9/2012 0:00	http://dbpedia.org/resource/Jiro_Dreams_of_Sushi	good	1662	77
Last Tango in Paris	1/27/1973 0:00	http://dbpedia.org/resource/Last_Tango_in_Paris	good	1663	77
Shanghai Noon	5/26/2000 0:00	http://dbpedia.org/resource/Shanghai_Noon	good	1664	77
The Decline of Western Civilization Part III	7/7/2000 0:00	http://dbpedia.org/resource/The_Decline_of_Western_Civilization_III	good	1665	77
The Graduate	12/21/1967 0:00	http://dbpedia.org/resource/The_Graduate	good	1666	77
The House I Live In	10/5/2012 0:00	http://dbpedia.org/resource/The_House_I_Live_In_(2012_film)	good	1667	77
Bobby Fischer Against the World	9/9/2011 0:00	http://dbpedia.org/resource/Bobby_Fischer_Against_the_World	good	1668	76
Hoosiers	11/14/1986 0:00	http://dbpedia.org/resource/Hoosiers	good	1669	76
Night Across the Street	2/8/2013 0:00	http://dbpedia.org/resource/Night_Across_the_Street	good	1670	76
Songs from the Second Floor	7/3/2002 0:00	http://dbpedia.org/resource/Songs_from_the_Second_Floor	good	1671	76
Syriana	11/23/2005 0:00	http://dbpedia.org/resource/Syriana	good	1672	76
About a Boy	5/17/2002 0:00	http://dbpedia.org/resource/About_a_Boy	good	1673	75
An Unreasonable Man	1/31/2007 0:00	http://dbpedia.org/resource/An_Unreasonable_Man	good	1674	75
Bulworth	5/19/1998 0:00	http://dbpedia.org/resource/Bulworth	good	1675	75
Down from the Mountain	6/15/2001 0:00	http://dbpedia.org/resource/Down_from_the_Mountain	good	1676	75
Girl on the Bridge	7/28/2000 0:00	http://dbpedia.org/resource/Girl_on_the_Bridge	good	1677	75
Kitchen Stories	2/20/2004 0:00	http://dbpedia.org/resource/Kitchen_Stories	good	1678	75
Dangerous Liaisons	12/16/1988 0:00	http://dbpedia.org/resource/Dangerous_Liaisons	good	1679	74
Lost in La Mancha	1/31/2003 0:00	http://dbpedia.org/resource/Lost_in_La_Mancha	good	1680	74
Millions	3/11/2005 0:00	http://dbpedia.org/resource/Millions	good	1681	74
Polisse	5/18/2012 0:00	http://dbpedia.org/resource/Polisse	good	1682	74
Take My Eyes	3/17/2006 0:00	http://dbpedia.org/resource/Take_My_Eyes	good	1683	74
The Pirogue	1/23/2013 0:00	http://dbpedia.org/resource/The_Pirogue	good	1684	74
Amreeka	9/4/2009 0:00	http://dbpedia.org/resource/Amreeka	good	1685	73
Kung Fu Panda	6/6/2008 0:00	http://dbpedia.org/resource/Kung_Fu_Panda	good	1686	73
Last Life in the Universe	8/6/2004 0:00	http://dbpedia.org/resource/Last_Life_in_the_Universe	good	1687	73
Laurence Anyways	6/28/2013 0:00	http://dbpedia.org/resource/Laurence_Anyways	good	1688	73
Meet the Parents	10/6/2000 0:00	http://dbpedia.org/resource/Meet_the_Parents	good	1689	73
The City of Lost Children	12/15/1995 0:00	http://dbpedia.org/resource/The_City_of_Lost_Children	good	1690	73
The Forgiveness of Blood	2/24/2012 0:00	http://dbpedia.org/resource/The_Forgiveness_of_Blood	good	1691	73
The Hangover	6/5/2009 0:00	http://dbpedia.org/resource/The_Hangover	good	1692	73
The Matrix	3/31/1999 0:00	http://dbpedia.org/resource/The_Matrix	good	1693	73
The Puffy Chair	6/2/2006 0:00	http://dbpedia.org/resource/The_Puffy_Chair	good	1694	73
The Raid: Redemption	3/23/2012 0:00	http://dbpedia.org/resource/The_Raid:_Redemption	good	1695	73
Magic Mike	6/29/2012 0:00	http://dbpedia.org/resource/Magic_Mike	good	1696	72
My Brother the Devil	3/22/2013 0:00	http://dbpedia.org/resource/My_Brother_the_Devil	good	1697	72
Nowhere in Africa	3/7/2003 0:00	http://dbpedia.org/resource/Nowhere_in_Africa	good	1698	72
The Birdcage	3/8/1996 0:00	http://dbpedia.org/resource/The_Birdcage	good	1699	72
The Buffalo Boy	3/11/2005 0:00	http://dbpedia.org/resource/The_Buffalo_Boy	good	1700	72
Welcome to Sarajevo	11/26/1997 0:00	http://dbpedia.org/resource/Welcome_to_Sarajevo	good	1701	72
Aliens of the Deep	1/28/2005 0:00	http://dbpedia.org/resource/Aliens_of_the_Deep	good	1702	71
All the Real Girls	2/14/2003 0:00	http://dbpedia.org/resource/All_the_Real_Girls	good	1703	71
F/X	2/7/1986 0:00	http://dbpedia.org/resource/F/X	good	1704	71
Games of Love and Chance	8/31/2005 0:00	http://dbpedia.org/resource/Games_of_Love_and_Chance	good	1705	71
Married to the Mob	8/19/1988 0:00	http://dbpedia.org/resource/Married_to_the_Mob	good	1706	71
Star Trek II: The Wrath of Khan	6/4/1982 0:00	http://dbpedia.org/resource/Star_Trek_II:_The_Wrath_of_Khan	good	1707	71
Tangled	11/24/2010 0:00	http://dbpedia.org/resource/Tangled	good	1708	71
The Boss of It All	5/23/2007 0:00	http://dbpedia.org/resource/The_Boss_of_It_All	good	1709	71
The Tracker	1/16/2004 0:00	http://dbpedia.org/resource/The_Tracker	good	1710	71
We Are What We Are	9/27/2013 0:00	http://dbpedia.org/resource/We_Are_What_We_Are_(2013_film)	good	1711	71
A Moment of Innocence	11/10/1999 0:00	http://dbpedia.org/resource/A_Moment_of_Innocence	good	1712	70
Adanggaman	7/11/2001 0:00	http://dbpedia.org/resource/Adanggaman	good	1713	70
East of Havana	2/2/2007 0:00	http://dbpedia.org/resource/East_of_Havana	good	1714	70
Fados	3/6/2009 0:00	http://dbpedia.org/resource/Fados	good	1715	70
Galaxy Quest	12/25/1999 0:00	http://dbpedia.org/resource/Galaxy_Quest	good	1716	70
Girlfight	9/29/2000 0:00	http://dbpedia.org/resource/Girlfight	good	1717	70
Pieces of April	10/17/2003 0:00	http://dbpedia.org/resource/Pieces_of_April	good	1718	70
The Forsaken Land	6/22/2006 0:00	http://dbpedia.org/resource/The_Forsaken_Land	good	1719	70
The Opposite of Sex	5/22/1998 0:00	http://dbpedia.org/resource/The_Opposite_of_Sex	good	1720	70
The Science of Sleep	9/22/2006 0:00	http://dbpedia.org/resource/The_Science_of_Sleep	good	1721	70
The Tao of Steve	8/4/2000 0:00	http://dbpedia.org/resource/The_Tao_of_Steve	good	1722	70
Waking Sleeping Beauty	3/26/2010 0:00	http://dbpedia.org/resource/Waking_Sleeping_Beauty	good	1723	70
Cinderella Man	6/3/2005 0:00	http://dbpedia.org/resource/Cinderella_Man	good	1724	69
Evil Dead II	3/13/1987 0:00	http://dbpedia.org/resource/Evil_Dead_II	good	1725	69
Inglourious Basterds	8/21/2009 0:00	http://dbpedia.org/resource/Inglourious_Basterds	good	1726	69
Monsieur Ibrahim	12/5/2003 0:00	http://dbpedia.org/resource/Monsieur_Ibrahim	good	1727	69
The Beautiful City	3/15/2006 0:00	http://dbpedia.org/resource/The_Beautiful_City	good	1728	69
The Eyes of Tammy Faye	7/21/2000 0:00	http://dbpedia.org/resource/The_Eyes_of_Tammy_Faye	good	1729	69
Eyes Wide Shut	7/16/1999 0:00	http://dbpedia.org/resource/Eyes_Wide_Shut	good	1730	68
Heartbeat Detector	3/14/2008 0:00	http://dbpedia.org/resource/Heartbeat_Detector	good	1731	68
Jump Tomorrow	7/6/2001 0:00	http://dbpedia.org/resource/Jump_Tomorrow	good	1732	68
Praying with Lior	2/1/2008 0:00	http://dbpedia.org/resource/Praying_with_Lior	good	1733	68
Purple Butterfly	11/26/2004 0:00	http://dbpedia.org/resource/Purple_Butterfly	good	1734	68
The Milk of Sorrow	8/27/2010 0:00	http://dbpedia.org/resource/The_Milk_of_Sorrow	good	1735	68
Why We Fight	1/20/2006 0:00	http://dbpedia.org/resource/Why_We_Fight	good	1736	68
Winter Sleepers	3/22/2000 0:00	http://dbpedia.org/resource/Winter_Sleepers	good	1737	68
Better Luck Tomorrow	4/11/2003 0:00	http://dbpedia.org/resource/Better_Luck_Tomorrow	good	1738	67
Damsels in Distress	4/6/2012 0:00	http://dbpedia.org/resource/Damsels_in_Distress	good	1739	67
Fast Times at Ridgemont High	8/13/1982 0:00	http://dbpedia.org/resource/Fast_Times_at_Ridgemont_High	good	1740	67
It Came from Kuchar	4/9/2010 0:00	http://dbpedia.org/resource/It_Came_from_Kuchar	good	1741	67
Kung Fu Panda 2	5/26/2011 0:00	http://dbpedia.org/resource/Kung_Fu_Panda_2	good	1742	67
Mondovino	3/23/2005 0:00	http://dbpedia.org/resource/Mondovino	good	1743	67
Rudo y Cursi	5/8/2009 0:00	http://dbpedia.org/resource/Rudo_y_Cursi	good	1744	67
Schultze Gets the Blues	2/18/2005 0:00	http://dbpedia.org/resource/Schultze_Gets_the_Blues	good	1745	67
Star Trek IV: The Voyage Home	11/26/1986 0:00	http://dbpedia.org/resource/Star_Trek_IV:_The_Voyage_Home	good	1746	67
Game Over: Kasparov and the Machine	12/3/2004 0:00	http://dbpedia.org/resource/Game_Over:_Kasparov_and_the_Machine	good	1747	66
Margot at the Wedding	11/16/2007 0:00	http://dbpedia.org/resource/Margot_at_the_Wedding	good	1748	66
Occupation: Dreamland	9/23/2005 0:00	http://dbpedia.org/resource/Occupation:_Dreamland	good	1749	66
Premium Rush	8/24/2012 0:00	http://dbpedia.org/resource/Premium_Rush	good	1750	66
Robot Stories	2/13/2004 0:00	http://dbpedia.org/resource/Robot_Stories	good	1751	66
The Tailor of Panama	3/30/2001 0:00	http://dbpedia.org/resource/The_Tailor_of_Panama	good	1752	66
Three... Extremes	10/28/2005 0:00	http://dbpedia.org/resource/Three..._Extremes	good	1753	66
Unmistaken Child	6/3/2009 0:00	http://dbpedia.org/resource/Unmistaken_Child	good	1754	66
Bottle Rocket	2/21/1996 0:00	http://dbpedia.org/resource/Bottle_Rocket	good	1755	65
Coffee and Cigarettes	5/14/2004 0:00	http://dbpedia.org/resource/Coffee_and_Cigarettes	good	1756	65
Gay Sex in the 70s	11/4/2005 0:00	http://dbpedia.org/resource/Gay_Sex_in_the_70s	good	1757	65
In the Valley of Elah	9/14/2007 0:00	http://dbpedia.org/resource/In_the_Valley_of_Elah	good	1758	65
Jimmy Neutron: Boy Genius	12/21/2001 0:00	http://dbpedia.org/resource/Jimmy_Neutron:_Boy_Genius	good	1759	65
My Week with Marilyn	11/23/2011 0:00	http://dbpedia.org/resource/My_Week_with_Marilyn	good	1760	65
The Great Debaters	12/25/2007 0:00	http://dbpedia.org/resource/The_Great_Debaters	good	1761	65
The Love We Make	11/11/2011 0:00	http://dbpedia.org/resource/The_Love_We_Make	good	1762	65
A Thousand Years of Good Prayers	9/19/2008 0:00	http://dbpedia.org/resource/A_Thousand_Years_of_Good_Prayers	good	1763	64
Beverly Hills Cop	12/5/1984 0:00	http://dbpedia.org/resource/Beverly_Hills_Cop	good	1764	64
District 13: Ultimatum	2/5/2010 0:00	http://dbpedia.org/resource/District_13:_Ultimatum	good	1765	64
Idiocracy	9/1/2006 0:00	http://dbpedia.org/resource/Idiocracy	good	1766	64
Inside Deep Throat	2/11/2005 0:00	http://dbpedia.org/resource/Inside_Deep_Throat	good	1767	64
JCVD	11/7/2008 0:00	http://dbpedia.org/resource/JCVD_(film)	good	1768	64
Joe the King	10/15/1999 0:00	http://dbpedia.org/resource/Joe_the_King	good	1769	64
Look Both Ways	4/14/2006 0:00	http://dbpedia.org/resource/Look_Both_Ways	good	1770	64
Mondays in the Sun	7/25/2003 0:00	http://dbpedia.org/resource/Mondays_in_the_Sun	good	1771	64
One Hour Photo	8/21/2002 0:00	http://dbpedia.org/resource/One_Hour_Photo	good	1772	64
Shortbus	10/4/2006 0:00	http://dbpedia.org/resource/Shortbus	good	1773	64
Silkwood	12/14/1983 0:00	http://dbpedia.org/resource/Silkwood	good	1774	64
The Beautiful Country	7/8/2005 0:00	http://dbpedia.org/resource/The_Beautiful_Country	good	1775	64
Wolke Neun	8/28/2009 0:00	http://dbpedia.org/resource/Wolke_Neun	good	1776	64
A Cat in Paris	6/1/2012 0:00	http://dbpedia.org/resource/A_Cat_in_Paris	good	1777	63
A State of Mind	8/10/2005 0:00	http://dbpedia.org/resource/A_State_of_Mind	good	1778	63
Anchorman: The Legend of Ron Burgundy	7/9/2004 0:00	http://dbpedia.org/resource/Anchorman:_The_Legend_of_Ron_Burgundy	good	1779	63
Dear Frankie	3/4/2005 0:00	http://dbpedia.org/resource/Dear_Frankie	good	1780	63
Happy Times	7/26/2002 0:00	http://dbpedia.org/resource/Happy_Times	good	1781	63
Home Alone	11/16/1990 0:00	http://dbpedia.org/resource/Home_Alone	good	1782	63
Megamind	11/5/2010 0:00	http://dbpedia.org/resource/Megamind	good	1783	63
Rumble Fish	10/8/1983 0:00	http://dbpedia.org/resource/Rumble_Fish	good	1784	63
Scream 2	12/12/1997 0:00	http://dbpedia.org/resource/Scream_2	good	1785	63
Iron Man 3	5/3/2013 0:00	http://dbpedia.org/resource/Iron_Man_3	good	1786	62
Shopgirl	10/21/2005 0:00	http://dbpedia.org/resource/Shopgirl	good	1787	62
The Chronicles of Narnia: Prince Caspian	5/16/2008 0:00	http://dbpedia.org/resource/The_Chronicles_of_Narnia:_Prince_Caspian	good	1788	62
The Great Warming	11/3/2006 0:00	http://dbpedia.org/resource/The_Great_Warming	good	1789	62
The Human Resources Manager	3/4/2011 0:00	http://dbpedia.org/resource/The_Human_Resources_Manager	good	1790	62
The Yellow Handkerchief	2/26/2010 0:00	http://dbpedia.org/resource/The_Yellow_Handkerchief_(2008_film)	good	1791	62
American Blackout	9/22/2006 0:00	http://dbpedia.org/resource/American_Blackout	good	1792	61
Analyze This	3/5/1999 0:00	http://dbpedia.org/resource/Analyze_This	good	1793	61
Day Night Day Night	5/9/2007 0:00	http://dbpedia.org/resource/Day_Night_Day_Night	good	1794	61
Fear X	1/28/2005 0:00	http://dbpedia.org/resource/Fear_X	good	1795	61
Quitting	9/13/2002 0:00	http://dbpedia.org/resource/Quitting	good	1796	61
The Soloist	4/24/2009 0:00	http://dbpedia.org/resource/The_Soloist	good	1797	61
Wah-Wah	5/12/2006 0:00	http://dbpedia.org/resource/Wah-Wah_(film)	good	1798	61
Word Wars	6/11/2004 0:00	http://dbpedia.org/resource/Word_Wars	good	1799	61
Death in Love	7/17/2009 0:00	http://dbpedia.org/resource/Death_in_Love	bad	1800	39
Eating Out 2: Sloppy Seconds	11/24/2006 0:00	http://dbpedia.org/resource/Eating_Out_2:_Sloppy_Seconds	bad	1801	39
Green Lantern	6/17/2011 0:00	http://dbpedia.org/resource/Green_Lantern_(film)	bad	1802	39
I Love Your Work	11/4/2005 0:00	http://dbpedia.org/resource/I_Love_Your_Work	bad	1803	39
Life as We Know It	10/8/2010 0:00	http://dbpedia.org/resource/Life_as_We_Know_It_(film)	bad	1804	39
National Treasure	11/19/2004 0:00	http://dbpedia.org/resource/National_Treasure_(film)	bad	1805	39
Never Back Down	3/14/2008 0:00	http://dbpedia.org/resource/Never_Back_Down	bad	1806	39
Nights in Rodanthe	9/26/2008 0:00	http://dbpedia.org/resource/Nights_in_Rodanthe	bad	1807	39
O Jerusalem	10/17/2007 0:00	http://dbpedia.org/resource/O_Jerusalem_(film)	bad	1808	39
Percy Jackson: Sea of Monsters	8/7/2013 0:00	http://dbpedia.org/resource/Percy_Jackson:_Sea_of_Monsters	bad	1809	39
The Change-Up	8/5/2011 0:00	http://dbpedia.org/resource/The_Change-Up	bad	1810	39
The Sitter	12/9/2011 0:00	http://dbpedia.org/resource/The_Sitter	bad	1811	39
Till Human Voices Wake Us	2/21/2003 0:00	http://dbpedia.org/resource/Till_Human_Voices_Wake_Us_(film)	bad	1812	39
Virtuosity	8/4/1995 0:00	http://dbpedia.org/resource/Virtuosity	bad	1813	39
What a Man	11/30/2012 0:00	http://dbpedia.org/resource/What_a_Man_(film)	bad	1814	39
An American Haunting	5/5/2006 0:00	http://dbpedia.org/resource/An_American_Haunting	bad	1815	38
Bad Boys II	7/18/2003 0:00	http://dbpedia.org/resource/Bad_Boys_II	bad	1816	38
BASEketball	7/31/1998 0:00	http://dbpedia.org/resource/BASEketball	bad	1817	38
Facing the Giants	9/29/2006 0:00	http://dbpedia.org/resource/Facing_the_Giants	bad	1818	38
Laws of Attraction	4/30/2004 0:00	http://dbpedia.org/resource/Laws_of_Attraction	bad	1819	38
Scrooged	11/23/1988 0:00	http://dbpedia.org/resource/Scrooged	bad	1820	38
The Medallion	8/22/2003 0:00	http://dbpedia.org/resource/The_Medallion	bad	1821	38
The Mysteries of Pittsburgh	4/10/2009 0:00	http://dbpedia.org/resource/The_Mysteries_of_Pittsburgh_(film)	bad	1822	38
The Other Side of Heaven	4/12/2002 0:00	http://dbpedia.org/resource/The_Other_Side_of_Heaven	bad	1823	38
The Trouble with Bliss	3/23/2012 0:00	http://dbpedia.org/resource/The_Trouble_with_Bliss	bad	1824	38
Twilight Zone: The Movie	6/24/1983 0:00	http://dbpedia.org/resource/Twilight_Zone:_The_Movie	bad	1825	38
Amelia	10/23/2009 0:00	http://dbpedia.org/resource/Amelia_(film)	bad	1826	37
Bad Company	6/7/2002 0:00	http://dbpedia.org/resource/Bad_Company_(2002_film)	bad	1827	37
Connected: An Autoblogography About Love, Death & Technology	10/14/2011 0:00	http://dbpedia.org/resource/Connected:_An_Autoblogography_About_Love,_Death_&_Technology	bad	1828	37
Fools Rush In	2/14/1997 0:00	http://dbpedia.org/resource/Fools_Rush_In_(1997_film)	bad	1829	37
Forever Strong	9/26/2008 0:00	http://dbpedia.org/resource/Forever_Strong	bad	1830	37
Fun Size	10/26/2012 0:00	http://dbpedia.org/resource/Fun_Size	bad	1831	37
Going Under	6/15/2006 0:00	http://dbpedia.org/resource/Going_Under_(2004_film)	bad	1832	37
Haven	9/15/2006 0:00	http://dbpedia.org/resource/Haven_(film)	bad	1833	37
Resident Evil: Afterlife	9/10/2010 0:00	http://dbpedia.org/resource/Resident_Evil:_Afterlife	bad	1834	37
Riding the Bullet	10/15/2004 0:00	http://dbpedia.org/resource/Riding_the_Bullet_(film)	bad	1835	37
Showboy	4/9/2004 0:00	http://dbpedia.org/resource/Showboy	bad	1836	37
Shutter	3/21/2008 0:00	http://dbpedia.org/resource/Shutter_(2008_film)	bad	1837	37
Abandon	10/18/2002 0:00	http://dbpedia.org/resource/Abandon_(film)	bad	1838	36
Alpha and Omega	9/17/2010 0:00	http://dbpedia.org/resource/Alpha_and_Omega_(film)	bad	1839	36
Arthur	4/8/2011 0:00	http://dbpedia.org/resource/Arthur_(2011_film)	bad	1840	36
Beware the Gonzo	9/9/2011 0:00	http://dbpedia.org/resource/Beware_the_Gonzo	bad	1841	36
Feel the Noise	10/5/2007 0:00	http://dbpedia.org/resource/Feel_the_Noise	bad	1842	36
Final Destination	3/17/2000 0:00	http://dbpedia.org/resource/Final_Destination	bad	1843	36
Hard Rain	1/16/1998 0:00	http://dbpedia.org/resource/Hard_Rain_(film)	bad	1844	36
Holding Trevor	7/4/2008 0:00	http://dbpedia.org/resource/Holding_Trevor	bad	1845	36
Human Error	9/16/2005 0:00	http://dbpedia.org/resource/Human_Error_(film)	bad	1846	36
I Am Number Four	2/18/2011 0:00	http://dbpedia.org/resource/I_Am_Number_Four_(film)	bad	1847	36
Kedma	2/7/2003 0:00	http://dbpedia.org/resource/Kedma_(film)	bad	1848	36
Lady in the Water	7/21/2006 0:00	http://dbpedia.org/resource/Lady_in_the_Water	bad	1849	36
Parental Guidance	12/25/2012 0:00	http://dbpedia.org/resource/Parental_Guidance_(film)	bad	1850	36
Poolhall Junkies	2/28/2003 0:00	http://dbpedia.org/resource/Poolhall_Junkies	bad	1851	36
Rambo III	5/25/1988 0:00	http://dbpedia.org/resource/Rambo_III	bad	1852	36
Remember the Daze	4/11/2008 0:00	http://dbpedia.org/resource/Remember_the_Daze	bad	1853	36
Shwaas	12/10/2004 0:00	http://dbpedia.org/resource/Shwaas	bad	1854	36
The Art of Getting By	6/17/2011 0:00	http://dbpedia.org/resource/The_Art_of_Getting_By	bad	1855	36
The Wicker Man	9/1/2006 0:00	http://dbpedia.org/resource/The_Wicker_Man_(2006_film)	bad	1856	36
This Thing of Ours	7/18/2003 0:00	http://dbpedia.org/resource/This_Thing_of_Ours	bad	1857	36
Thunderbirds	7/30/2004 0:00	http://dbpedia.org/resource/Thunderbirds_(film)	bad	1858	36
A Life Less Ordinary	10/24/1997 0:00	http://dbpedia.org/resource/A_Life_Less_Ordinary	bad	1859	35
A Rumor of Angels	2/1/2002 0:00	http://dbpedia.org/resource/A_Rumor_of_Angels	bad	1860	35
Arise	9/20/2013 0:00	http://dbpedia.org/resource/Arise_(film)	bad	1861	35
Broken Sky	9/29/2006 0:00	http://dbpedia.org/resource/Broken_Sky_(film)	bad	1862	35
Eichmann	10/29/2010 0:00	http://dbpedia.org/resource/Eichmann_(film)	bad	1863	35
Hannibal Rising	2/9/2007 0:00	http://dbpedia.org/resource/Hannibal_Rising_(film)	bad	1864	35
Happy Tears	2/19/2010 0:00	http://dbpedia.org/resource/Happy_Tears	bad	1865	35
Jumper	2/14/2008 0:00	http://dbpedia.org/resource/Jumper_(film)	bad	1866	35
Primeval	1/12/2007 0:00	http://dbpedia.org/resource/Primeval_(film)	bad	1867	35
ATM	4/6/2012 0:00	http://dbpedia.org/resource/ATM_(film)	bad	1868	34
Chelsea Walls	4/19/2002 0:00	http://dbpedia.org/resource/Chelsea_Walls	bad	1869	34
Color of the Cross	11/10/2006 0:00	http://dbpedia.org/resource/Color_of_the_Cross	bad	1870	34
Festival of Lights	11/9/2012 0:00	http://dbpedia.org/resource/Festival_of_Lights_(film)	bad	1871	34
Just One Time	10/20/2000 0:00	http://dbpedia.org/resource/Just_One_Time_(film)	bad	1872	34
Knife Fight	1/25/2013 0:00	http://dbpedia.org/resource/Knife_Fight	bad	1873	34
Red Planet	11/10/2000 0:00	http://dbpedia.org/resource/Red_Planet_(film)	bad	1874	34
Scooby Doo 2: Monsters Unleashed	3/26/2004 0:00	http://dbpedia.org/resource/Scooby-Doo_2:_Monsters_Unleashed	bad	1875	34
Slow Burn	4/13/2007 0:00	http://dbpedia.org/resource/Slow_Burn_(2005_film)	bad	1876	34
Spawn	8/1/1997 0:00	http://dbpedia.org/resource/Spawn_(film)	bad	1877	34
The Fourth Kind	11/6/2009 0:00	http://dbpedia.org/resource/The_Fourth_Kind	bad	1878	34
The Glass House	9/14/2001 0:00	http://dbpedia.org/resource/The_Glass_House_(2001_film)	bad	1879	34
The Happening	6/13/2008 0:00	http://dbpedia.org/resource/The_Happening_(2008_film)	bad	1880	34
The Haunted Mansion	11/26/2003 0:00	http://dbpedia.org/resource/The_Haunted_Mansion_(film)	bad	1881	34
54	8/28/1998 0:00	http://dbpedia.org/resource/54_(film)	bad	1882	33
Being Human	5/6/1994 0:00	http://dbpedia.org/resource/Being_Human_(1994_film)	bad	1883	33
Chasing Papi	4/16/2003 0:00	http://dbpedia.org/resource/Chasing_Papi	bad	1884	33
Confessions of a Teenage Drama Queen	2/20/2004 0:00	http://dbpedia.org/resource/Confessions_of_a_Teenage_Drama_Queen	bad	1885	33
Crazy as Hell	9/27/2002 0:00	http://dbpedia.org/resource/Crazy_as_Hell	bad	1886	33
Detroit Rock City	8/13/1999 0:00	http://dbpedia.org/resource/Detroit_Rock_City_(film)	bad	1887	33
End of Days	11/24/1999 0:00	http://dbpedia.org/resource/End_of_Days_(film)	bad	1888	33
Hanging Up	2/18/2000 0:00	http://dbpedia.org/resource/Hanging_Up	bad	1889	33
Sleepover	7/9/2004 0:00	http://dbpedia.org/resource/Sleepover_(film)	bad	1890	33
Price of Glory	3/31/2000 0:00	http://dbpedia.org/resource/Price_of_Glory	bad	1891	32
Repo Men	3/19/2010 0:00	http://dbpedia.org/resource/Repo_Men	bad	1892	32
The Wedding Date	2/4/2005 0:00	http://dbpedia.org/resource/The_Wedding_Date	bad	1893	32
5 Days of War	8/19/2011 0:00	http://dbpedia.org/resource/5_Days_of_War	bad	1894	31
Bandido	12/10/2004 0:00	http://dbpedia.org/resource/Bandido_(2004_film)	bad	1895	#N/A
Crazy Eyes	7/6/2012 0:00	http://dbpedia.org/resource/Crazy_Eyes_(film)	bad	1896	31
Deception	4/25/2008 0:00	http://dbpedia.org/resource/Deception_(2008_film)	bad	1897	31
Fix	11/20/2009 0:00	http://dbpedia.org/resource/Fix_(film)	bad	1898	31
Gossip	4/21/2000 0:00	http://dbpedia.org/resource/Gossip_(2000_American_film)	bad	1899	31
Happy Gilmore	2/16/1996 0:00	http://dbpedia.org/resource/Happy_Gilmore	bad	1900	31
Harry + Max	2/4/2005 0:00	http://dbpedia.org/resource/Harry_+_Max	bad	1901	31
Jolene	10/29/2010 0:00	http://dbpedia.org/resource/Jolene_(film)	bad	1902	31
Life or Something Like It	4/26/2002 0:00	http://dbpedia.org/resource/Life_or_Something_Like_It	bad	1903	31
Perfect Stranger	4/13/2007 0:00	http://dbpedia.org/resource/Perfect_Stranger_(film)	bad	1904	31
Slutty Summer	6/10/2005 0:00	http://dbpedia.org/resource/Slutty_Summer	bad	1905	31
The Big White	12/16/2005 0:00	http://dbpedia.org/resource/The_Big_White	bad	1906	31
Very Bad Things	11/25/1998 0:00	http://dbpedia.org/resource/Very_Bad_Things	bad	1907	31
Gods and Generals	2/21/2003 0:00	http://dbpedia.org/resource/Gods_and_Generals_(film)	bad	1908	30
Grind	8/15/2003 0:00	http://dbpedia.org/resource/Grind_(2003_film)	bad	1909	30
Meet Bill	4/4/2008 0:00	http://dbpedia.org/resource/Meet_Bill	bad	1910	30
Oh My God	11/13/2009 0:00	http://dbpedia.org/resource/Oh,_My_God_(2008_film)	bad	1911	30
Sarah Landon and the Paranormal Hour	10/19/2007 0:00	http://dbpedia.org/resource/Sarah_Landon_and_the_Paranormal_Hour	bad	1912	30
Silent Hill	4/21/2006 0:00	http://dbpedia.org/resource/Silent_Hill_(film)	bad	1913	30
The Tuxedo	9/27/2002 0:00	http://dbpedia.org/resource/The_Tuxedo	bad	1914	30
Thirteen Ghosts	10/26/2001 0:00	http://dbpedia.org/resource/Thirteen_Ghosts	bad	1915	30
Waiting...	10/7/2005 0:00	http://dbpedia.org/resource/Waiting..._(film)	bad	1916	30
How High	12/21/2001 0:00	http://dbpedia.org/resource/How_High	bad	1917	29
Johnson Family Vacation	4/7/2004 0:00	http://dbpedia.org/resource/Johnson_Family_Vacation	bad	1918	29
Premonition	3/16/2007 0:00	http://dbpedia.org/resource/Premonition_(2007_film)	bad	1919	29
Eating Out	4/8/2005 0:00	http://dbpedia.org/resource/Eating_Out	bad	1920	28
Fireproof	9/26/2008 0:00	http://dbpedia.org/resource/Fireproof_(film)	bad	1921	28
Mercy Streets	10/6/2000 0:00	http://dbpedia.org/resource/Mercy_Streets	bad	1922	28
Nobel Son	12/5/2008 0:00	http://dbpedia.org/resource/Nobel_Son	bad	1923	28
Pandorum	9/25/2009 0:00	http://dbpedia.org/resource/Pandorum	bad	1924	28
She Hate Me	7/28/2004 0:00	http://dbpedia.org/resource/She_Hate_Me	bad	1925	28
The Haunting of Molly Hartley	10/31/2008 0:00	http://dbpedia.org/resource/The_Haunting_of_Molly_Hartley	bad	1926	28
The Other Sister	2/26/1999 0:00	http://dbpedia.org/resource/The_Other_Sister	bad	1927	28
Third World Cop	4/14/2000 0:00	http://dbpedia.org/resource/Third_World_Cop	bad	1928	28
You Again	9/24/2010 0:00	http://dbpedia.org/resource/You_Again	bad	1929	28
A Guy Thing	1/17/2003 0:00	http://dbpedia.org/resource/A_Guy_Thing	bad	1930	27
Beverly Hills Ninja	1/17/1997 0:00	http://dbpedia.org/resource/Beverly_Hills_Ninja	bad	1931	27
Crossroads	2/15/2002 0:00	http://dbpedia.org/resource/Crossroads_(2002_film)	bad	1932	27
Imagining Argentina	6/11/2004 0:00	http://dbpedia.org/resource/Imagining_Argentina_(film)	bad	1933	27
Let's Go to Prison	11/17/2006 0:00	http://dbpedia.org/resource/Let's_Go_to_Prison	bad	1934	27
The Heart Is Deceitful Above All Things	3/10/2006 0:00	http://dbpedia.org/resource/The_Heart_Is_Deceitful_Above_All_Things	bad	1935	27
The Perfect Man	6/17/2005 0:00	http://dbpedia.org/resource/The_Perfect_Man	bad	1936	27
Vampire in Brooklyn	10/27/1995 0:00	http://dbpedia.org/resource/Vampire_in_Brooklyn	bad	1937	27
Zen Noir	9/22/2006 0:00	http://dbpedia.org/resource/Zen_Noir	bad	1938	27
A Night at the Roxbury	10/2/1998 0:00	http://dbpedia.org/resource/A_Night_at_the_Roxbury	bad	1939	26
Filth and Wisdom	10/17/2008 0:00	http://dbpedia.org/resource/Filth_and_Wisdom	bad	1940	26
Tideland	10/13/2006 0:00	http://dbpedia.org/resource/Tideland_(film)	bad	1941	26
Time Changer	10/25/2002 0:00	http://dbpedia.org/resource/Time_Changer	bad	1942	26
Waiting for Forever	2/4/2011 0:00	http://dbpedia.org/resource/Waiting_for_Forever	bad	1943	26
Zoom	8/11/2006 0:00	http://dbpedia.org/resource/Zoom_(film)	bad	1944	26
American Outlaws	8/17/2001 0:00	http://dbpedia.org/resource/American_Outlaws	bad	1945	25
Double Take	1/12/2001 0:00	http://dbpedia.org/resource/Double_Take_(2001_film)	bad	1946	25
Dragonfly	2/22/2002 0:00	http://dbpedia.org/resource/Dragonfly_(2002_film)	bad	1947	25
Drowning Mona	3/3/2000 0:00	http://dbpedia.org/resource/Drowning_Mona	bad	1948	25
Jason X	4/26/2002 0:00	http://dbpedia.org/resource/Jason_X	bad	1949	25
License to Wed	7/3/2007 0:00	http://dbpedia.org/resource/License_to_Wed	bad	1950	25
My Soul to Take	10/8/2010 0:00	http://dbpedia.org/resource/My_Soul_to_Take	bad	1951	25
Patch Adams	12/25/1998 0:00	http://dbpedia.org/resource/Patch_Adams_(film)	bad	1952	25
The Comebacks	10/19/2007 0:00	http://dbpedia.org/resource/The_Comebacks	bad	1953	25
A Warrior's Heart	12/2/2011 0:00	http://dbpedia.org/resource/A_Warrior's_Heart	bad	1954	24
Autumn in New York	8/11/2000 0:00	http://dbpedia.org/resource/Autumn_in_New_York_(film)	bad	1955	24
Captivity	7/13/2007 0:00	http://dbpedia.org/resource/Captivity_(film)	bad	1956	24
Highlander	3/7/1986 0:00	http://dbpedia.org/resource/Highlander_(film)	bad	1957	24
Kazaam	4/17/1996 0:00	http://dbpedia.org/resource/Kazaam	bad	1958	24
Redline	4/13/2007 0:00	http://dbpedia.org/resource/Redline_(2007_film)	bad	1959	24
Saving Grace B. Jones	12/14/2012 0:00	http://dbpedia.org/resource/Saving_Grace_B._Jones	bad	1960	24
Sex and Death 101	4/4/2008 0:00	http://dbpedia.org/resource/Sex_and_Death_101	bad	1961	24
Sorority Row	9/11/2009 0:00	http://dbpedia.org/resource/Sorority_Row	bad	1962	24
The Boondock Saints II: All Saints Day	10/30/2009 0:00	http://dbpedia.org/resource/The_Boondock_Saints_II:_All_Saints_Day	bad	1963	24
Caffeine	3/16/2007 0:00	http://dbpedia.org/resource/Caffeine_(film)	bad	1964	23
Eight Crazy Nights	11/27/2002 0:00	http://dbpedia.org/resource/Eight_Crazy_Nights	bad	1965	23
Beneath the Darkness	1/6/2012 0:00	http://dbpedia.org/resource/Beneath_the_Darkness	bad	1966	22
Jawbreaker	2/19/1999 0:00	http://dbpedia.org/resource/Jawbreaker_(film)	bad	1967	22
Postal	5/23/2008 0:00	http://dbpedia.org/resource/Postal_(film)	bad	1968	22
Standing Ovation	7/16/2010 0:00	http://dbpedia.org/resource/Standing_Ovation_(film)	bad	1969	22
Superman IV: The Quest for Peace	7/24/1987 0:00	http://dbpedia.org/resource/Superman_IV:_The_Quest_for_Peace	bad	1970	22
The Tiger and the Snow	12/29/2006 0:00	http://dbpedia.org/resource/The_Tiger_and_the_Snow	bad	1971	22
Bigger Than the Sky	2/18/2005 0:00	http://dbpedia.org/resource/Bigger_Than_the_Sky	bad	1972	21
Ice from the Sun	5/4/2001 0:00	http://dbpedia.org/resource/Ice_from_the_Sun	bad	1973	21
Killers	6/4/2010 0:00	http://dbpedia.org/resource/Killers_(2010_film)	bad	1974	21
The Zodiac	3/17/2006 0:00	http://dbpedia.org/resource/The_Zodiac_(film)	bad	1975	21
Saw V	10/24/2008 0:00	http://dbpedia.org/resource/Saw_V	bad	1976	20
Son of the Mask	2/18/2005 0:00	http://dbpedia.org/resource/Son_of_the_Mask	bad	1977	20
The First $20 Million Is Always the Hardest	6/28/2002 0:00	http://dbpedia.org/resource/The_First_$20_Million_Is_Always_the_Hardest	bad	1978	20
The Last Airbender	7/1/2010 0:00	http://dbpedia.org/resource/The_Last_Airbender	bad	1979	20
Downloading Nancy	6/5/2009 0:00	http://dbpedia.org/resource/Downloading_Nancy	bad	1980	19
The Covenant	9/8/2006 0:00	http://dbpedia.org/resource/The_Covenant_(film)	bad	1981	19
To Save a Life	1/22/2010 0:00	http://dbpedia.org/resource/To_Save_a_Life	bad	1982	19
Movie 43	1/25/2013 0:00	http://dbpedia.org/resource/Movie_43	bad	1983	18
The Devil Inside	1/6/2012 0:00	http://dbpedia.org/resource/The_Devil_Inside_(film)	bad	1984	18
88 Minutes	4/18/2008 0:00	http://dbpedia.org/resource/88_Minutes	bad	1985	17
Epic Movie	1/26/2007 0:00	http://dbpedia.org/resource/Epic_Movie	bad	1986	17
Extreme Days	9/28/2001 0:00	http://dbpedia.org/resource/Extreme_Days	bad	1987	17
Witless Protection	2/22/2008 0:00	http://dbpedia.org/resource/Witless_Protection	bad	1988	17
FeardotCom	8/30/2002 0:00	http://dbpedia.org/resource/FeardotCom	bad	1989	16
Half Baked	1/16/1998 0:00	http://dbpedia.org/resource/Half_Baked	bad	1990	16
Simon Sez	9/24/1999 0:00	http://dbpedia.org/resource/Simon_Sez	bad	1991	16
Disaster Movie	8/29/2008 0:00	http://dbpedia.org/resource/Disaster_Movie	bad	1992	15
In the Name of the King: A Dungeon Siege Tale	1/11/2008 0:00	http://dbpedia.org/resource/In_the_Name_of_the_King	bad	1993	15
Kung Pow: Enter the Fist	1/25/2002 0:00	http://dbpedia.org/resource/Kung_Pow!_Enter_the_Fist	bad	1994	14
The In Crowd	7/19/2000 0:00	http://dbpedia.org/resource/The_In_Crowd_(2000_film)	bad	1995	14
Freddy Got Fingered	4/20/2001 0:00	http://dbpedia.org/resource/Freddy_Got_Fingered	bad	1996	13
Strange Wilderness	2/1/2008 0:00	http://dbpedia.org/resource/Strange_Wilderness	bad	1997	12
Dirty Love	9/23/2005 0:00	http://dbpedia.org/resource/Dirty_Love_(film)	bad	1998	9
The Tortured	6/15/2012 0:00	http://dbpedia.org/resource/The_Tortured	bad	1999	9
Baby Geniuses	3/12/1999 0:00	http://dbpedia.org/resource/Baby_Geniuses	bad	2000	6